total_revenue,gross_income,operating_income,interest_expense_non_operating,pretax_income,income_taxes,net_income,diluted_shares_outstanding,ebitda,ebit,date,symbol,total_assets,cash_and_short_term_investments,cash_only,total_non_current_assets,total_liabilities,total_current_liabilities,total_equity,stockholders_equity,total_debt,total_cash_and_due_from_banks,net_operating_cash_flow,free_cash_flow
238620000000,9640000000,-8050000000,-45190000000,-37300000000,-2430000000,-39730000000,1110000000,-6500000000,-8050000000,2019-12-31,GLOB.JK,8279999999,660340000,660340000,1859999999,753250000000,300810000000,-744970000000,-744970000000,493510000000,,-4330000000,-4450000000.0
30670000000,1470000000,-6190000000,-42990000000,-50660000000,54630000,-50610000000,1110000000,-5590000000,-6190000000,2020-12-31,GLOB.JK,10620000000,7050000000,7050000000,1650000000,806180000000,408740000000,-795560000000,-795560000000,491730000000,,8180000000,8160000000.0
46270000000,3480000000,-886240000,-33560000000,-58730000000,-6390000,-58740000000,1110000000,-131030000,-886240000,2021-12-31,GLOB.JK,13420000000,6200000000,6200000000,1830000000,867540000000,539659999999,-854110000000,-854110000000,489380000000,,1500000000,1500000000.0
65250000000,3660000000,-3780000000,-51420000000,-69450000000,-40940000,-69490000000,1110000000,-3770000000,-3780000000,2022-12-31,GLOB.JK,9150000000,4300000000,4300000000,1800000000,932410000000,683850000000,-923260000000,-923260000000,486630000000,,649940000,649940000.0
113700000000,7660000000,-1730000000,-40340000000,-81840000000,-200090000,-82040000000,1110000000,-1720000000,-1730000000,2023-12-31,GLOB.JK,8640000000,2670000000,2670000000,890600000,1010000000000,888660000000,-1010000000000,-1010000000000,481280000000,,3730000000,3719999999.0
59940000,-301200000,-10450000000,-2320000,-1390000000,0,-1390000000,150000000,-10130000000,-10450000000,2019-12-31,JKSW.JK,180630000000,12100000000,12100000000,106640000000,676360000000,30550000000,-495730000000,-495730000000,638090000000,,9990000000,9800000000.0
0,-298520000,-10140000000,-2420000,-1070000000,0,-1070000000,150000000,-9840000000,-10140000000,2020-12-31,JKSW.JK,169290000000,8820000000,8820000000,109820000000,666160000000,20240000000,-496860000000,-496860000000,638090000000,,187540000,-1450000000.0
1460000000,-275400000,-9670000000,-2630000,-53730000,0,-53730000,150000000,-9380000000,-9670000000,2021-12-31,JKSW.JK,168200000000,13810000000,13810000000,112140000000,665130000000,19150000000,-496930000000,-496930000000,638090000000,,7610000000,7020000000.0
0,-301480000,-9180000000,-3510000,3190000000,0,3190000000,150000000,-8870000000,-9180000000,2022-12-31,JKSW.JK,159340000000,10140000000,10140000000,111360000000,653120000000,13930000000,-493770000000,-493770000000,638090000000,,3250000000,3200000000.0
0,-304650000,-10630000000,-2990000,-83810000,0,-83810000,150000000,-10330000000,-10630000000,2023-12-31,JKSW.JK,158540000000,6210000000,6210000000,120080000000,652420000000,13160000000,-493880000000,-493880000000,638090000000,,-3690000000,-3940000000.0
33490000000,4340000000,765680000,-1920000000,167060000,-75880000,91180000,3400000000,1260000000,765680000,2019-12-31,NTBK.JK,53030000000,4430000000,4430000000,10050000000,42170000000,36490000000,10860000000,10860000000,19140000000,,-11130000000,-11140000000.0
43290000000,4800000000,1320000000,-2890000000,222680000,-75240000,147440000,3400000000,1859999999,1320000000,2020-12-31,NTBK.JK,57160000000,5580000000,5580000000,16790000000,46210000000,40270000000,10950000000,10950000000,17490000000,,265170000,-6900000000.0
52800000000,6430000000,1609999999,-1620000000,500040000,-247820000,252220000,3400000000,2740000000,1609999999,2021-12-31,NTBK.JK,61520000000,9100000000,9100000000,17170000000,38140000000,32549999999,23380000000,23380000000,11690000000,,5840000000,4340000000.0
101880000000,11840000000,4059999999,-553030000,2600000000,-903690000,1700000000,2300000000,5350000000,4059999999,2022-12-31,NTBK.JK,153070000000,48050000000,48050000000,21170000000,61660000000,56130000000,91410000000,91410000000,10370000000,,-20380000000,-25090000000.0
137650000000,16730000000,5450000000,-385150000,5710000000,-1490000000,4230000000,2700000000,7260000000,5450000000,2023-12-31,NTBK.JK,143240000000,21770000000,21770000000,22030000000,48140000000,42870000000,95100000000,95100000000,11000000000,,-24370000000,-27020000000.0
924650000000,106010000000,47400000000,-9080000000,39530000000,-12070000000,26750000000,1350000000,72500000000,47400000000,2019-12-31,TALF.JK,1330000000000,33240000000,33240000000,860210000000,320790000000,173580000000,1010000000000,980690000000,131750000000,,27400000000,-11750000000.0
1020000000000,98630000000,38810000000,-12310000000,28620000000,-10130000000,17650000000,1350000000,68910000000,38810000000,2020-12-31,TALF.JK,1470000000000,55390000000,55390000000,984190000000,454290000000,263430000000,1020000000000,991870000000,238790000000,,64819999999,-85800000000.0
1050000000000,99300000000,44760000000,-16140000000,31100000000,-8660000000,20590000000,1350000000,78970000000,44760000000,2021-12-31,TALF.JK,1569999999999,28390000000,26780000000,1050000000000,522250000000,266459999999,1050000000000,1020000000000,281320000000,,24150000000,-71070000000.0
1320000000000,137550000000,74700000000,-21610000000,59510000000,-15200000000,42170000000,1350000000,111940000000,74700000000,2022-12-31,TALF.JK,1800000000000,20310000000,18700000000,1180000000000,610880000000,365100000000,1190000000000,1150000000000,355010000000,,-9550000000,-88400000000.0
1260000000000,138340000000,60300000000,-20250000000,48680000000,-10230000000,38080000000,1350000000,102870000000,60300000000,2023-12-31,TALF.JK,1730000000000,19260000000,16649999999,1200000000000,516520000000,263779999999,1220000000000,1180000000000,296290000000,,116560000000,62500000000.0
1950000000000,330450000000,59960000000,-65489999999,-3800000000,-4990000000,-44080000000,1250000000,114950000000,59960000000,2019-12-31,PANR.JK,2150000000000,254390000000,254390000000,1400000000000,1180000000000,512419999999,963240000000,747740000000,723160000000,,100850000000,92010000000.0
793210000000,33009999999,-126600000000,-67670000000,-195270000000,22430000000,-177970000000,1250000000,-69370000000,-126600000000,2020-12-31,PANR.JK,1790000000000,221480000000,221480000000,1320000000000,1080000000000,503180000000,708610000000,559690000000,765420000000,,-63630000000,-65170000000.0
239240000000,-22990000000,-99630000000,-54860000000,-147260000000,27870000000,-103280000000,1250000000,-48500000000,-99630000000,2021-12-31,PANR.JK,1470000000000,34510000000,31500000000,1210000000000,925080000000,357450000000,541000000000,429530000000,704040000000,,-118910000000,-119960000000.0
1530000000000,115720000000,21860000000,-42770000000,17140000000,-1190000000,12240000000,1250000000,55840000000,21860000000,2022-12-31,PANR.JK,1540000000000,143950000000,96480000000,1060000000000,970210000000,457370000000,568110000000,434020000000,633250000000,,158770000000,149030000000.0
2860000000000,280710000000,143330000000,-51950000000,130789999999,-33710000000,63120000000,1250000000,172790000000,143330000000,2023-12-31,PANR.JK,1640000000000,205580000000,135660000000,1050000000000,930100000000,482510000000,706000000000,515409999999,538039999999,,149440000000,137960000000.0
1970000000000,221790000000,31690000000,-29260000000,-17550000000,621890000,-16920000000,410000000,113780000000,31690000000,2019-12-31,GDYR.JK,1670000000000,118150000000,118150000000,1110000000000,944050000000,918460000000,726850000000,726850000000,291870000000,,-61700000000,-178460000000.0
1569999999999,145270000000,1680000000,-37530000000,-42620000000,-60790000000,-103410000000,410000000,101040000000,1680000000,2020-12-31,GDYR.JK,1630000000000,213800000000,213800000000,996080000000,996160000000,968350000000,633350000000,633350000000,353280000000,,118710000000,49240000000.0
2150000000000,196790000000,40290000000,-14000000000,35210000000,-416270000,34790000000,410000000,137370000000,40290000000,2021-12-31,GDYR.JK,1710000000000,176160000000,176160000000,991760000000,1020000000000,1010000000000,689200000000,689200000000,145480000000,,246840000000,167440000000.0
2560000000000,148360000000,-26140000000,-14360000000,-6460000000,-39810000000,-46260000000,410000000,76680000000,-26140000000,2022-12-31,GDYR.JK,1940000000000,141110000000,141110000000,1070000000000,1230000000000,1230000000000,706140000000,706140000000,196510000000,,16200000000,-93440000000.0
2600000000000,305150000000,131750000000,-25090000000,100790000000,-13570000000,87230000000,410000000,239920000000,131750000000,2023-12-31,GDYR.JK,1740000000000,93690000000,93690000000,1070000000000,955500000000,930950000000,785220000000,785220000000,131360000000,,160120000000,45520000000.0
537570000000,219660000000,-62370000000,-20430000000,-88260000000,21320000000,-66950000000,1070000000,-36800000000,-62370000000,2019-12-31,MBTO.JK,591060000000,3140000000,2640000000,273779999999,355890000000,254270000000,235170000000,235170000000,186920000000,,-9620000000,-13820000000.0
297220000000,82030000000,-166440000000,-21280000000,-189410000000,-13800000000,-203220000000,1070000000,-136479999999,-166440000000,2020-12-31,MBTO.JK,982880000000,2700000000,2200000000,800680000000,393020000000,295520000000,589860000000,589860000000,195440000000,,1380000000,-6810000000.0
210530000000,50160000000,-90740000000,-19030000000,-119070000000,-30660000000,-149740000000,1070000000,-58710000000,-90740000000,2021-12-31,MBTO.JK,713520000000,3350000000,2850000000,543700000000,269190000000,225900000000,444330000000,444330000000,142760000000,,-127310000000,-128740000000.0
360180000000,123250000000,-26290000000,-16420000000,-42700000000,277130000,-42430000000,1070000000,-7830000000,-26290000000,2022-12-31,MBTO.JK,721700000000,14520000000,4019999999,530150000000,316910000000,280380000000,404800000000,404790000000,161390000000,,-12700000000,-15580000000.0
418530000000,135800000000,-14660000000,-17600000000,-20020000000,-11910000000,-31930000000,1070000000,1900000000,-14660000000,2023-12-31,MBTO.JK,673250000000,6270000000,4470000000,512770000000,304110000000,259800000000,369150000000,369130000000,168110000000,,3360000000,-456690000.0
1010000000000,191640000000,14350000000,-28470000000,9690000000,-7730000000,1310000000,2270000000,52330000000,14350000000,2019-12-31,KOBX.JK,1710000000000,54610000000,35680000000,472410000000,1270000000000,1150000000000,445560000000,441340000000,617720000000,,-584390000000,-595770000000.0
741170000000,100710000000,-76380000000,-58680000000,-140350000000,-11410000000,-152190000000,2270000000,-26810000000,-76380000000,2020-12-31,KOBX.JK,1600000000000,24460000000,24120000000,474000000000,1290000000000,1180000000000,307210000000,305280000000,816850000000,,-214660000000,-229670000000.0
1710000000000,300350000000,124910000000,-50190000000,196930000000,-3300000000,193310000000,2270000000,176180000000,124910000000,2021-12-31,KOBX.JK,1660000000000,66760000000,66709999999,644450000000,1160000000000,1050000000000,505090000000,502760000000,204880000000,,684770000000,661820000000.0
2500000000000,431920000000,182820000000,-43570000000,76400000000,-13950000000,61850000000,2270000000,269220000000,182820000000,2022-12-31,KOBX.JK,2870000000000,509470000000,509470000000,992700000000,2300000000000,1970000000000,575200000000,572400000000,400260000000,,604990000000,273779999999.0
1960000000000,297930000000,-37620000000,-85720000000,-95220000000,10390000000,-84760000000,2270000000,48440000000,-37620000000,2023-12-31,KOBX.JK,3500000000000,114240000000,114240000000,1110000000000,3020000000000,2670000000000,480030000000,477780000000,1300000000000,,-1090000000000,-1270000000000.0
166570000000,42680000000,16770000000,-19700000000,-3310000000,-3690000000,-7000000000,802560000,25430000000,16770000000,2019-12-31,ITIC.JK,447810000000,1120000000,1120000000,357930000000,181660000000,140590000000,266149999999,266149999999,132720000000,,-55870000000,-89970000000.0
197410000000,58970000000,32770000000,-18580000000,13890000000,-7770000000,6120000000,940720000,40610000000,32770000000,2020-12-31,ITIC.JK,505080000000,3210000000,3210000000,362250000000,225250000000,158230000000,279830000000,279830000000,182440000000,,-41780000000,-46440000000.0
214250000000,59650000000,42110000000,-18360000000,24930000000,-6560000000,18370000000,940720000,51620000000,42110000000,2021-12-31,ITIC.JK,526700000000,2550000000,2550000000,388320000000,202020000000,157790000000,324680000000,324680000000,163690000000,,27520000000,22790000000.0
249850000000,67620000000,46960000000,-15310000000,32280000000,-8330000000,23950000000,940720000,56580000000,46960000000,2022-12-31,ITIC.JK,553210000000,1580000000,1580000000,400520000000,188890000000,144220000000,364320000000,364320000000,153200000000,,16300000000,15320000000.0
272579999999,70950000000,49010000000,-12660000000,36220000000,-9250000000,26960000000,940720000,58680000000,49010000000,2023-12-31,ITIC.JK,560350000000,2280000000,2280000000,418980000000,162420000000,138900000000,397930000000,397930000000,119780000000,,55490000000,40400000000.0
23090000000,6910000000,4600000000,-2410000,4530000000,0,4530000000,3500000000,4600000000,4600000000,2019-12-31,BBSS.JK,107360000000,2160000000,2160000000,23040000000,4560000000,4500000000,102800000000,102800000000,0,,4420000000,4290000000.0
3430000000,1270000000,-1200000000,-170730000,-512880000,0,-512880000,4800000000,-1120000000,-1200000000,2020-12-31,BBSS.JK,256019999999,727020000,727020000,155170000000,4370000000,4290000000,251650000000,251650000000,45560000,,-153880000000,-153880000000.0
8970000000,1390000000,-1330000000,0,-1090000000,0,-1090000000,4800000000,-1250000000,-1330000000,2021-12-31,BBSS.JK,254690000000,6820000000,6820000000,156100000000,3880000000,1940000000,250820000000,250570000000,0,,2590000000,
482000000,354320000,-2080000000,-1569999,-1810000000,0,-1810000000,4800000000,-2000000000,-2080000000,2022-12-31,BBSS.JK,253440000000,2570000000,2570000000,157620000000,4650000000,2230000000,248790000000,248790000000,0,,-371580000,
450560000,334550000,-1530000000,0,-1210000000,0,-1210000000,4800000000,-1420000000,-1530000000,2023-12-31,BBSS.JK,251690000000,1050000000,1050000000,164320000000,4139999999,1680000000,247550000000,247550000000,0,,-1520000000,
5939999999,4260000000,2130000000,-93330000,2250000000,-304380000,1950000000,1030000000,2630000000,2130000000,2020-12-31,BMBL.JK,3890000000,383870000,263890000,3450000000,2500000000,2500000000,1390000000,1390000000,895560000,,2450000000,2440000000.0
7870000000,5180000000,2390000000,-64750000,2700000000,-567600000,2130000000,1030000000,2900000000,2390000000,2021-12-31,BMBL.JK,7590000000,761550000,355710000,5600000000,4070000000,4070000000,3520000000,3520000000,804520000,,2910000000,2810000000.0
12530000000,8520000000,4250000000,-19320000,4960000000,-903980000,4059999999,1030000000,4810000000,4250000000,2022-12-31,BMBL.JK,37290000000,479560000,479560000,30650000000,6720000000,5060000000,30570000000,30570000000,1750000000,,-9310000000,-12780000000.0
17270000000,12340000000,-425240000,-94580000,106510000,-18820000,87700000,1010000000,343920000,-425240000,2023-12-31,BMBL.JK,82180000000,403190000,403190000,61320000000,3110000000,1650000000,79070000000,79070000000,1569999999,,-15830000000,-38510000000.0
83940000000,12310000000,546220000,-362090000,1790000000,-392570000,1400000000,4800000000,779740000,546220000,2019-12-31,BAUT.JK,70140000000,1130000000,1130000000,31000000000,60180000000,51300000000,9970000000,9970000000,7050000000,,26260000000,26250000000.0
115250000000,13720000000,774710000,-937630000,644680000,-189740000,454930000,4800000000,1910000000,774710000,2020-12-31,BAUT.JK,82400000000,803870000,803870000,33720000000,72150000000,59980000000,10250000000,10250000000,12820000000,,2719999999,2690000000.0
119940000000,20600000000,1100000000,-1470000000,5650000000,-869630000,4780000000,2160000000,2100000000,1100000000,2021-12-31,BAUT.JK,93340000000,241090000,241090000,18780000000,47340000000,45460000000,46000000000,45990000000,13140000000,,-17530000000,-19100000000.0
179030000000,33840000000,9950000000,-1620000000,8910000000,-2469999999,6470000000,4689999999,12350000000,9950000000,2022-12-31,BAUT.JK,245230000000,313120000,313120000,25790000000,51160000000,47020000000,194070000000,194000000000,17940000000,,-138840000000,-140590000000.0
192850000000,39030000000,7800000000,-1740000000,6580000000,-1450000000,5140000000,4800000000,11830000000,7800000000,2023-12-31,BAUT.JK,256620000000,568740000,568740000,27320000000,58750000000,54170000000,197860000000,197800000000,23370000000,,903530000,-831260000.0
23160000000,,834520000,,829540000,-3170000000,-2340000000,949870000,1420000000,834520000,2019-12-31,IPAC.JK,23070000000,6220000000,6220000000,,7340000000,,15730000000,15730000000,1650000000,,-8800000000,-8890000000.0
16100000000,,1690000000,,2100000000,-562820000,1530000000,949870000,2280000000,1690000000,2020-12-31,IPAC.JK,24030000000,16620000000,16620000000,,6810000000,,17220000000,17220000000,917620000,,2950000000,2860000000.0
20280000000,,4740000000,,5010000000,-1100000000,3910000000,950550000,5340000000,4740000000,2021-12-31,IPAC.JK,32960000000,25320000000,25320000000,,7170000000,,25780000000,25780000000,183520000,,6270000000,4620000000.0
26000000000,,5350000000,,6130000000,-1410000000,4720000000,925000000,6250000000,5350000000,2022-12-31,IPAC.JK,39090000000,30060000000,30060000000,,8550000000,,30540000000,30540000000,0,,5080000000,4830000000.0
28790000000,,3230000000,,3950000000,-1100000000,2960000000,925000000,4380000000,3230000000,2023-12-31,IPAC.JK,44560000000,31000000000,31000000000,,9830000000,,34730000000,33450000000,0,,3730000000,747110000.0
51340000000,19490000000,13200000000,0.0,12640000000,-3370000000,9270000000,1250000000,15460000000,13200000000,2019-12-31,DGNS.JK,59220000000,1390000000,1390000000,47800000000,12760000000,9120000000,46460000000,46460000000,3490000000,,11200000000,8410000000.0
183170000000,85900000000,67030000000,,66980000000,-14290000000,52690000000,1250000000,70870000000,67030000000,2020-12-31,DGNS.JK,132570000000,16540000000,16540000000,27420000000,33509999999,30610000000,99070000000,99070000000,2280000000,,26230000000,20360000000.0
302180000000,147640000000,81280000000,,83280000000,-18980000000,64300000000,1240000000,88840000000,81280000000,2021-12-31,DGNS.JK,241980000000,51230000000,44720000000,88120000000,40180000000,26630000000,201800000000,201800000000,6440000000,,58870000000,-8970000000.0
192890000000,88400000000,17660000000,-817970000.0,17330000000,-4670000000,12660000000,1250000000,30890000000,17660000000,2022-12-31,DGNS.JK,239940000000,30550000000,28010000000,121560000000,29510000000,10490000000,210430000000,210430000000,14690000000,,-6020000000,-40870000000.0
145700000000,51640000000,-14030000000,-475240000.0,-13570000000,-83000000,-13660000000,1250000000,598270000,-14030000000,2023-12-31,DGNS.JK,271480000000,11940000000,10240000000,183670000000,75880000000,14440000000,195590000000,195590000000,56760000000,,13180000000,-25140000000.0
214790000000,19580000000,7950000000,-3120000000,5310000000,-1500000000,3810000000,415700000,10120000000,7950000000,2019-12-31,OILS.JK,71780000000,1819999999,1819999999,22720000000,51730000000,42480000000,20050000000,20050000000,39400000000,,-11310000000,-19350000000.0
293870000000,22390000000,9280000000,-3070000000,6050000000,-1330000000,4710000000,415700000,11920000000,9280000000,2020-12-31,OILS.JK,77120000000,557850000,557850000,21430000000,52360000000,43190000000,24750000000,24750000000,38670000000,,845670000,-491110000.0
375300000000,23730000000,8400000000,-5120000000,7800000000,-1770000000,6030000000,454000000,11370000000,8400000000,2021-12-31,OILS.JK,131669999999,4980000000,4980000000,22680000000,54610000000,53350000000,77060000000,77060000000,39310000000,,-38320000000,-41940000000.0
514200000000,43790000000,18330000000,-5430000000,9440000000,-2620000000,6820000000,454060000,21910000000,18330000000,2022-12-31,OILS.JK,157980000000,7960000000,7960000000,39500000000,75190000000,67980000000,82790000000,82790000000,52890000000,,18870000000,-8359999999.0
600350000000,35030000000,8600000000,-7330000000,4040000000,-905130000,3130000000,454060000,12990000000,8600000000,2023-12-31,OILS.JK,199910000000,7910000000,7910000000,63840000000,115420000000,103760000000,84490000000,84490000000,92420000000,,-11950000000,-26320000000.0
,,,,,,,,,,2019-12-31,RIMO.JK,,,,,,,,,,,,
,,,,,,,,,,2020-12-31,RIMO.JK,,,,,,,,,,,,
,,,,,,,,,,2021-12-31,RIMO.JK,,,,,,,,,,,,
,,,,,,,,,,2022-12-31,RIMO.JK,,,,,,,,,,,,
,,,,,,,,,,2023-12-31,RIMO.JK,,,,,,,,,,,,
2290000000000,371170000000,186770000000,-185730000000,12150000000,5350000000,1910000000,1770000000,277470000000,186770000000,2019-12-31,OKAS.JK,2660000000000,74030000000,74030000000,1770000000000,2490000000000,1370000000000,169730000000,-52390000000,1680000000000,,56530000000,17190000000.0
1569999999999,247660000000,87630000000,-165890000000,-61540000000,-61550000000,-93650000000,1770000000,185170000000,87630000000,2020-12-31,OKAS.JK,2400000000000,60850000000,60850000000,1670000000000,2360000000000,1400000000000,47610000000,-146260000000,1690000000000,,67330000000,52460000000.0
1560000000000,345660000000,151560000000,-173040000000,-50430000000,-35040000000,-82270000000,1770000000,250120000000,151560000000,2021-12-31,OKAS.JK,2370000000000,71120000000,71120000000,1530000000000,2380000000000,1240000000000,-10300000000,-199060000000,1609999999999,,175210000000,136110000000.0
2350000000000,692080000000,459320000000,-182810000000,320670000000,-78010000000,104020000000,1770000000,548260000000,459320000000,2022-12-31,OKAS.JK,2780000000000,145440000000,145440000000,1589999999999,2580000000000,1819999999999,199990000000,-121550000000,1500000000000,,377770000000,334040000000.0
2820000000000,768130000000,446410000000,-165970000000,219160000000,-91540000000,22010000000,1890000000,531620000000,446410000000,2023-12-31,OKAS.JK,2830000000000,144270000000,144270000000,1609999999999,2190000000000,1170000000000,642590000000,163460000000,1140000000000,,235910000000,141470000000.0
88390000000,8860000000,4139999999,-81790000,4510000000,-1380000000,3130000000,546330000,4340000000,4139999999,2019-12-31,OPMS.JK,116190000000,37210000000,37210000000,1710000000,1870000000,1550000000,114310000000,114310000000,0,,37190000000,35400000000.0
34770000000,3990000000,-1010000000,-10990000,1220000000,-187580000,1030000000,854100000,-540630000,-1010000000,2020-12-31,OPMS.JK,99120000000,62040000000,62040000000,4430000000,5490000000,5100000000,93630000000,93630000000,96710000,,24170000000,10320000000.0
41180000000,2950000000,-2680000000,-8610000,-773610000,419800000,-353810000,801630000,-1430000000,-2680000000,2021-12-31,OPMS.JK,93900000000,35730000000,35730000000,45610000000,692380000,282850000,93210000000,93210000000,0,,-2270000000,-22880000000.0
22510000000,3900000000,-3060000000,-6160000,-1180000000,317370000,-860860000,801630000,-1780000000,-3060000000,2022-12-31,OPMS.JK,94310000000,16350000000,16350000000,66379999999,2410000000,1830000000,91900000000,91900000000,0,,175100000,-21880000000.0
9120000000,-2580000000,-7600000000,-17840000,-6340000000,1589999999,-4750000000,801630000,-4560000000,-7600000000,2023-12-31,OPMS.JK,89200000000,7360000000,7360000000,64879999999,1790000000,1170000000,87420000000,87420000000,102580000,,-10300000000,-13660000000.0
42970000000,27680000000,-4390000000,,-2290000000,1050000000,-1250000000,450000000,1560000000,-4390000000,2019-12-31,SNLK.JK,129300000000,27440000000,25440000000,93790000000,6930000000,4179999999,122380000000,122380000000,151560000,,4880000000,4320000000.0
18840000000,9240000000,-13690000000,,26390000000,-10090000000,16300000000,450000000,-8180000000,-13690000000,2020-12-31,SNLK.JK,197970000000,17890000000,17890000000,176900000000,55750000000,3750000000,142220000000,142220000000,41830000000,,-9590000000,-9680000000.0
20730000000,7550000000,-10720000000,-1670000000.0,-9410000000,2220000000,-7180000000,400000000,-1720000000,-10720000000,2021-12-31,SNLK.JK,205420000000,30600000000,30600000000,173940000000,50890000000,8470000000,154530000000,154530000000,38960000000,,-638600000,-6760000000.0
35990000000,20430000000,-5100000000,-1560000000.0,-5500000000,467540000,-5030000000,450000000,3469999999,-5100000000,2022-12-31,SNLK.JK,203040000000,22560000000,22560000000,177360000000,53360000000,13830000000,149680000000,149680000000,40520000000,,3980000000,-8150000000.0
47250000000,17910000000,-3060000000,-1780000000.0,-1540000000,4430000000,2900000000,450000000,4960000000,-3060000000,2023-12-31,SNLK.JK,217620000000,21120000000,21120000000,193640000000,47960000000,13760000000,169660000000,169660000000,32810000000,,8539999999,1839999999.0
58600000000,,11830000000,,36570000000,-3550000000,33020000000,2830000000,12160000000,11830000000,2019-12-31,PEGE.JK,658450000000,163820000000,160380000000,,138070000000,,520370000000,520370000000,0,,-123520000000,-123550000000.0
-30740000000,,-24320000000,,-7350000000,90530000,-7260000000,2830000000,-24200000000,-24320000000,2020-12-31,PEGE.JK,527340000000,175730000000,172120000000,,31440000000,,495900000000,495890000000,0,,28950000000,28910000000.0
-97130000000,,-107690000000,,-96560000000,-683500000,-97240000000,2830000000,-107240000000,-107690000000,2021-12-31,PEGE.JK,516159999999,72300000000,22250000000,,117450000000,,398720000000,398710000000,0,,-101140000000,-103630000000.0
35290000000,,-118670000000,,-112840000000,-348980000,-113190000000,2830000000,-117380000000,-118670000000,2022-12-31,PEGE.JK,413140000000,130419999999,80130000000,,127580000000,,285550000000,285540000000,0,,58050000000,57990000000.0
11850000000,,-87370000000,,-73450000000,302180000,-73150000000,2830000000,-86460000000,-87370000000,2023-12-31,PEGE.JK,249880000000,93090000000,93090000000,,37480000000,,212400000000,212380000000,0,,-37720000000,-37840000000.0
203250000000,65800000000,40440000000,-1310000000,41730000000,-5420000000,24770000000,1090000000,42930000000,40440000000,2019-12-31,ICON.JK,369070000000,11950000000,11950000000,42470000000,129949999999,123240000000,239120000000,172020000000,4780000000,,20190000000,15590000000.0
143690000000,25800000000,8130000000,-852600000,8100000000,-2390000000,2160000000,1090000000,12950000000,8130000000,2020-12-31,ICON.JK,370850000000,8140000000,8140000000,133990000000,125710000000,118960000000,245130000000,175390000000,7420000000,,-641240000,-2580000000.0
140660000000,23620000000,5410000000,-5900000000,2510000000,-2270000000,-2500000000,1090000000,10040000000,5410000000,2021-12-31,ICON.JK,371160000000,19800000000,19800000000,121520000000,126760000000,122010000000,244390000000,172590000000,5810000000,,12620000000,12300000000.0
171930000000,19310000000,-22320000000,-4780000000,-21770000000,-1150000000,-18470000000,1090000000,-17420000000,-22320000000,2022-12-31,ICON.JK,371250000000,5500000000,5500000000,235400000000,150150000000,145080000000,221100000000,153950000000,8550000000,,-15640000000,-20090000000.0
181370000000,15550000000,-6300000000,-4210000000,-4700000000,-464780000,-4930000000,1090000000,-294620000,-6300000000,2023-12-31,ICON.JK,359740000000,4090000000,4090000000,244010000000,144510000000,133530000000,215240000000,148660000000,14990000000,,2850000000,-204470000.0
250170000000,83380000000,55830000000,-2980000000,53970000000,-1620000000,52310000000,2350000000,88070000000,55830000000,2019-12-31,NELY.JK,527470000000,57700000000,51880000000,393450000000,65440000000,23180000000,462030000000,461550000000,42180000000,,89440000000,-1900000000.0
230660000000,75320000000,48940000000,-5480000000,45290000000,-1340000000,43910000000,2350000000,77180000000,48940000000,2020-12-31,NELY.JK,568050000000,78950000000,73000000000,421710000000,69300000000,21770000000,498750000000,498230000000,51620000000,,76990000000,14070000000.0
199310000000,69260000000,48810000000,-2520000000,53150000000,-1750000000,51380000000,2350000000,82710000000,48810000000,2021-12-31,NELY.JK,552780000000,47410000000,40810000000,453070000000,60860000000,25910000000,491920000000,491370000000,40160000000,,105360000000,49550000000.0
309600000000,152420000000,127620000000,-1940000000,128210000000,-1819999999,126340000000,2350000000,169800000000,127620000000,2022-12-31,NELY.JK,653430000000,30870000000,24550000000,507830000000,69630000000,35760000000,583790000000,583180000000,34860000000,,139490000000,-11900000000.0
522350000000,281040000000,249950000000,-3850000000,232270000000,-3290000000,228900000000,2350000000,303370000000,249950000000,2023-12-31,NELY.JK,829250000000,59800000000,53070000000,667780000000,99000000000,60580000000,730260000000,729560000000,44140000000,,335240000000,99430000000.0
73100000000,,5520000000,,6880000000,-1320000000,5570000000,2810000000,20130000000,19430000000,2019-12-31,PAMG.JK,587500000000,37610000000,1370000000,,145750000000,,441750000000,441750000000,111870000000,,-7790000000,-8140000000.0
49450000000,,5970000000,,-5290000000,-1040000000,-6330000000,3130000000,6600000000,5970000000,2020-12-31,PAMG.JK,582810000000,28660000000,28660000000,,147390000000,,435410000000,435410000000,109530000000,,-2610000000,-2670000000.0
47340000000,,3760000000,,-10440000000,-23040000,-10460000000,3130000000,4390000000,3760000000,2021-12-31,PAMG.JK,583580000000,3600000000,3600000000,,157560000000,,426020000000,426020000000,109530000000,,-960560000,-1040000000.0
54900000000,,7500000000,,-3120000000,-83210000,-3200000000,3130000000,8160000000,7500000000,2022-12-31,PAMG.JK,582570000000,889250000,889250000,,159760000000,,422810000000,422810000000,109800000000,,1770000000,-1359999999.0
52070000000,,8050000000,,472660000,-45260000,427400000,3130000000,8590000000,8050000000,2023-12-31,PAMG.JK,582640000000,6580000000,6580000000,,159410000000,,423230000000,423230000000,103670000000,,1540000000,438520000.0
10130000000,2910000000,870090000,-18160000,1380000000,0,1380000000,2680000000,1040000000,870090000,2019-12-31,REAL.JK,352570000000,3420000000,3420000000,174620000000,3700000000,3520000000,348860000000,348860000000,0,,6060000000,-252630000000.0
12690000000,3950000000,339580000,-25310000,1020000000,0,1020000000,6630000000,1550000000,339580000,2020-12-31,REAL.JK,352590000000,3490000000,3490000000,173750000000,2610000000,2330000000,349980000000,349980000000,0,,305390000,-34860000.0
23950000000,6020000000,1270000000,-7939999,1270000000,0,1270000000,6630000000,2440000000,1270000000,2021-12-31,REAL.JK,353730000000,3520000000,3520000000,292200000000,2490000000,2130000000,351240000000,351240000000,0,,32619999,32619999.0
6030000000,2049999999,-193070000,-2910000,167070000,0,167070000,6630000000,1000000000,-193070000,2022-12-31,REAL.JK,352270000000,1120000000,1120000000,172200000000,814440000,583140000,351460000000,351460000000,0,,-2410000000,-2410000000.0
8369999999,2310000000,5740000,-8390000,177770000,0,177770000,6630000000,1190000000,5740000,2023-12-31,REAL.JK,352930000000,464610000,464610000,177840000000,1250000000,1030000000,351690000000,351690000000,0,,-651310000,-651310000.0
89350000000,31460000000,9460000000,-7460000000,4070000000,-880360000,3130000000,1350000000,10500000000,9460000000,2019-12-31,SEMA.JK,151560000000,2500000000,2500000000,28660000000,96930000000,72090000000,54640000000,45150000000,53020000000,,9530000000,9060000000.0
82900000000,23880000000,7470000000,-6580000000,3490000000,-549530000,3860000000,1350000000,8410000000,7470000000,2020-12-31,SEMA.JK,141040000000,1569999999,1569999999,28680000000,83350000000,61540000000,57690000000,49120000000,54520000000,,-1410000000,-2430000000.0
198210000000,45840000000,26710000000,-7670000000,23630000000,-4070000000,17470000000,1000000000,27770000000,26710000000,2021-12-31,SEMA.JK,190080000000,12650000000,12650000000,28720000000,112630000000,94730000000,77450000000,66530000000,39850000000,,26690000000,25740000000.0
149730000000,39480000000,14530000000,-3310000000,14120000000,-3370000000,11240000000,1310000000,15530000000,14530000000,2022-12-31,SEMA.JK,233260000000,11020000000,11020000000,35750000000,88410000000,80100000000,144840000000,134070000000,35850000000,,-45630000000,-52240000000.0
219560000000,35670000000,17250000000,-3820000000,16629999999,-3330000000,13010000000,1350000000,18260000000,17250000000,2023-12-31,SEMA.JK,285130000000,9150000000,9150000000,43670000000,127100000000,120650000000,158040000000,146980000000,52240000000,,-9460000000,-13730000000.0
1859999999999,150070000000,-37340000000,0,-27580000000,10990000,-27570000000,2040000000,-25610000000,-37340000000,2019-12-31,WICO.JK,695850000000,76660000000,76660000000,52290000000,448320000000,421130000000,247530000000,247510000000,0,,-76970000000,-88120000000.0
3100000000000,226850000000,-55740000000,-1690000000,-41010000000,0,-41010000000,2040000000,-28350000000,-55740000000,2020-12-31,WICO.JK,677620000000,22630000000,22630000000,82830000000,468950000000,446450000000,208670000000,208650000000,59020000000,,-54500000000,-113660000000.0
2570000000000,181250000000,-111670000000,-9150000000,-115140000000,0,-115140000000,2040000000,-89210000000,-111670000000,2021-12-31,WICO.JK,613340000000,30030000000,30030000000,84510000000,519760000000,502060000000,93580000000,93560000000,178830000000,,-104720000000,-116150000000.0
1620000000000,149270000000,-161260000000,-11070000000,-137840000000,0,-137840000000,2089999999,-144000000000,-161260000000,2022-12-31,WICO.JK,436470000000,10040000000,10040000000,74540000000,419390000000,409750000000,17079999999,17050000000,187520000000,,-114080000000,-116610000000.0
1420000000000,129199999999,-94530000000,-11720000000,-102610000000,-8420000000,-111020000000,1839999999,-81920000000,-94530000000,2023-12-31,WICO.JK,319170000000,12200000000,12200000000,81960000000,313470000000,307340000000,5700000000,5680000000,130020000000,,-35060000000,-40800000000.0
2410000000000,161510000000,45750000000,0,59310000000,-11870000000,47660000000,353220000,50100000000,45750000000,2019-12-31,BAYU.JK,815200000000,409800000000,405680000000,158380000000,377370000000,346450000000,437820000000,433730000000,0,,82130000000,78400000000.0
551590000000,48950000000,-35100000000,-274090000,2870000000,-1630000000,1690000000,353220000,-29410000000,-35100000000,2020-12-31,BAYU.JK,692610000000,506630000000,502510000000,145330000000,294480000000,263899999999,398130000000,394460000000,1740000000,,116200000000,113170000000.0
491020000000,40460000000,-17059999999,-299440000,796120000,-489900000,514210000,353220000,-10360000000,-17059999999,2021-12-31,BAYU.JK,735110000000,473210000000,469090000000,202500000000,278990000000,258640000000,456120000000,452570000000,1070000000,,-21900000000,-24800000000.0
1790000000000,96150000000,28980000000,-84480000,44940000000,-2009999999,42980000000,353220000,36590000000,28980000000,2022-12-31,BAYU.JK,792980000000,460250000000,457430000000,135910000000,377060000000,355990000000,415910000000,413620000000,390400000,,1710000000,-7170000000.0
2170000000000,151180000000,66879999999,-14160000,86770000000,-16010000000,70810000000,353220000,72820000000,66879999999,2023-12-31,BAYU.JK,883540000000,541299999999,538480000000,119100000000,431770000000,408860000000,451770000000,449530000000,0,,105820000000,99440000000.0
176810000000,63360000000,44190000000,-24050000000,23940000000,-6880000000,17059999999,2480000000,96880000000,44190000000,2019-12-31,WOWS.JK,808300000000,3270000000,3270000000,386860000000,216600000000,164590000000,591700000000,591700000000,163070000000,,-210010000000,-307290000000.0
112450000000,24350000000,13510000000,-15630000000,2450000000,-1020000000,1430000000,2480000000,74870000000,13510000000,2020-12-31,WOWS.JK,765280000000,1850000000,1850000000,408660000000,171320000000,111570000000,593960000000,593960000000,130330000000,,65910000000,-30170000000.0
95540000000,-2180000000,-18900000000,-10130000000,-33990000000,134110000,-33860000000,2480000000,38740000000,-18900000000,2021-12-31,WOWS.JK,714710000000,2180000000,2180000000,406460000000,154330000000,68970000000,560380000000,560380000000,114320000000,,16280000000,
98690000000,-504410000,-14920000000,-10220000000,-27930000000,265290000,-27660000000,2480000000,40080000000,-14920000000,2022-12-31,WOWS.JK,679230000000,1110000000,1110000000,351240000000,146410000000,132570000000,532830000000,532830000000,109060000000,,3360000000,
122460000000,14920000000,-3600000000,-9980000000,-10320000000,362400000,-9960000000,2480000000,23890000000,-3600000000,2023-12-31,WOWS.JK,666220000000,959670000,959670000,396190000000,143270000000,99120000000,522950000000,522950000000,104400000000,,15570000000,3280000000.0
121260000000,14440000000,-17350000000,-5150000000,3330000000,-304820000,3030000000,1500000000,-14620000000,-17350000000,2019-12-31,PTDU.JK,153910000000,2420000000,2420000000,70700000000,128479999999,116570000000,25430000000,25430000000,44690000000,,-7500000000,-7500000000.0
48710000000,13200000000,3870000000,-4560000000,2969999999,0,2969999999,966670000,5410000000,3870000000,2020-12-31,PTDU.JK,231310000000,29250000000,29250000000,72600000000,141430000000,138920000000,89880000000,89880000000,71710000000,,-57330000000,
244240000000,42560000000,16420000000,-8980000000,3010000000,0,3010000000,966670000,17850000000,16420000000,2021-12-31,PTDU.JK,346410000000,49080000000,49080000000,70460000000,250770000000,227650000000,95640000000,91740000000,155680000000,,-56300000000,-59750000000.0
154860000000,-17780000000,-36860000000,-10550000000,-65530000000,0,-65519999999,966670000,-35810000000,-36860000000,2022-12-31,PTDU.JK,277140000000,31730000000,31730000000,100180000000,208030000000,174600000000,69110000000,65209999999,132919999999,,7930000000,7910000000.0
118600000000,26380000000,-4610000000,-8119999999,-33780000000,0,-33780000000,966670000,-3670000000,-4610000000,2023-12-31,PTDU.JK,210140000000,696860000,696860000,97750000000,174730000000,135169999999,35420000000,31520000000,112390000000,,-10670000000,-10670000000.0
23690000000,13020000000,3270000000,-2469999999,2190000000,0,3620000000,1859999999,3540000000,3270000000,2019-12-31,NZIA.JK,659070000000,59490000000,59490000000,388620000000,150840000000,64680000000,508230000000,493870000000,113120000000,,4920000000,-35740000000.0
80630000000,27040000000,6890000000,-6040000000,2670000000,0,121350000,2200000000,7190000000,6890000000,2020-12-31,NZIA.JK,663380000000,44730000000,44730000000,388240000000,154880000000,64239999999,508500000000,492300000000,90460000000,,23490000000,11560000000.0
100420000000,35110000000,6230000000,-3810000000,3060000000,0,1320000000,2200000000,6480000000,6230000000,2021-12-31,NZIA.JK,633540000000,39890000000,39890000000,397740000000,122170000000,65420000000,511370000000,493690000000,66629999999,,33520000000,27740000000.0
84680000000,34090000000,5080000000,-3600000000,1540000000,0,-37560000,2200000000,5310000000,5080000000,2022-12-31,NZIA.JK,605500000000,25470000000,25470000000,386890000000,92720000000,29110000000,512780000000,493620000000,53500000000,,12280000000,7270000000.0
45100000000,16450000000,-5010000000,-4450000000,-8770000000,0,-9140000000,2200000000,-4450000000,-5010000000,2023-12-31,NZIA.JK,608020000000,28660000000,28660000000,382430000000,104050000000,19730000000,503980000000,484450000000,76240000000,,-11030000000,-14690000000.0
16879999999,1380000000,-3430000000,-6070000,-1670000000,0,-1670000000,1839999999,-3280000000,-3430000000,2019-12-31,OASA.JK,47360000000,45730000000,45730000000,430540000,928160000,292440000,46430000000,46430000000,0,,8330000000,8330000000.0
1210000000,17890000,-2490000000,-23450000,-468120000,0,-468120000,1839999999,-2130000000,-2490000000,2020-12-31,OASA.JK,46840000000,45760000000,45120000000,405620000,429120000,113190000,46410000000,46410000000,0,,-5910000,-5910000.0
3410000000,1160000000,-504450000,-11690000,1300000000,0,1300000000,1839999999,-337540000,-504450000,2021-12-31,OASA.JK,223530000000,73330000000,18660000000,15550000000,201640000000,26550000000,21890000000,47740000000,11040000000,,1280000000,1280000000.0
40810000000,31850000000,5400000000,-1100000000,5980000000,-1580000000,5070000000,1839999999,8980000000,5400000000,2022-12-31,OASA.JK,293780000000,3010000000,2990000000,274779999999,215040000000,136699999999,78740000000,79150000000,8990000000,,15050000000,-108870000000.0
44150000000,24120000000,-7460000000,-1160000000,3330000000,-771560000,2960000000,6350000000,-2220000000,-7460000000,2023-12-31,OASA.JK,760390000000,19990000000,18480000000,395980000000,93750000000,44590000000,666640000000,667440000000,6710000000,,-402940000000,-550740000000.0
47470000000,21780000000,1780000000,-1100000000,687020000,-213980000,473040000,1900000000,2969999999,1780000000,2019-12-31,MGLV.JK,58520000000,2940000000,2940000000,4980000000,54710000000,53570000000,3810000000,3810000000,13300000000,,-2770000000,-2780000000.0
61160000000,27780000000,6210000000,-1960000000,3620000000,-908780000,2710000000,1900000000,7290000000,6210000000,2020-12-31,MGLV.JK,82240000000,3950000000,3950000000,4210000000,47680000000,46480000000,34560000000,34530000000,18670000000,,-2260000000,-2360000000.0
109850000000,53330000000,17590000000,-10220000000,8390000000,-1260000000,7090000000,1680000000,19550000000,17590000000,2021-12-31,MGLV.JK,211400000000,7930000000,7930000000,59140000000,118000000000,80360000000,93410000000,93310000000,51270000000,,-28400000000,-38560000000.0
166550000000,69500000000,19140000000,-6990000000,18710000000,-3160000000,15460000000,1900000000,24570000000,19140000000,2022-12-31,MGLV.JK,265320000000,9020000000,9020000000,63770000000,156190000000,122590000000,109130000000,108930000000,44750000000,,19250000000,8850000000.0
206890000000,86960000000,28030000000,-7330000000,21500000000,-5150000000,16190000000,1900000000,37630000000,28030000000,2023-12-31,MGLV.JK,296040000000,6800000000,6800000000,51560000000,169830000000,139500000000,126210000000,125530000000,34240000000,,16309999999,15690000000.0
289380000000,26840000000,10320000000,-1960000000,4040000000,-1980000000,2069999999,1200000000,28850000000,10320000000,2019-12-31,CAKK.JK,329920000000,3770000000,2660000000,218930000000,108070000000,79310000000,221850000000,221850000000,10110000000,,44330000000,2140000000.0
217010000000,22270000000,8520000000,-2780000000,2280000000,-2140000000,144400000,1200000000,29720000000,8520000000,2020-12-31,CAKK.JK,354900000000,5990000000,5730000000,260940000000,129370000000,52340000000,225530000000,225530000000,46980000000,,20750000000,-30490000000.0
270440000000,26300000000,12760000000,-5710000000,17640000000,-5340000000,12300000000,1200000000,38860000000,12760000000,2021-12-31,CAKK.JK,441220000000,2520000000,2520000000,337620000000,198460000000,83640000000,242760000000,242760000000,61550000000,,25840000000,-15750000000.0
250320000000,23280000000,20530000000,-6180000000,13700000000,-3150000000,10550000000,1200000000,50970000000,20530000000,2022-12-31,CAKK.JK,447970000000,15330000000,1920000000,320830000000,195450000000,168480000000,252520000000,252520000000,105290000000,,-1910000000,-15040000000.0
208640000000,-502330000,-24730000000,-10530000000,-34030000000,-58650000,-34090000000,1200000000,6120000000,-24730000000,2023-12-31,CAKK.JK,466020000000,920560000,920560000,323170000000,265350000000,194310000000,200670000000,200680000000,177040000000,,-39640000000,-85450000000.0
474270000000,78920000000,49220000000,-11480000000,15570000000,-11390000000,4170000000,720000000,67340000000,49220000000,2019-12-31,AKSI.JK,285180000000,48010000000,48010000000,136449999999,171210000000,99630000000,113970000000,113660000000,87530000000,,40160000000,19620000000.0
521620000000,56320000000,17790000000,-10050000000,6340000000,-3310000000,3020000000,720000000,39490000000,17790000000,2020-12-31,AKSI.JK,298260000000,69210000000,69210000000,133150000000,191770000000,114960000000,106490000000,106190000000,76690000000,,32259999999,31100000000.0
479640000000,87680000000,43070000000,-8690000000,33360000000,-9130000000,24160000000,720000000,64010000000,43070000000,2021-12-31,AKSI.JK,275990000000,87670000000,87670000000,125950000000,145260000000,83980000000,130729999999,130360000000,62680000000,,41260000000,37580000000.0
484130000000,109020000000,63100000000,-8620000000,64420000000,-17450000000,46810000000,720000000,90510000000,63100000000,2022-12-31,AKSI.JK,366150000000,86090000000,86090000000,187260000000,188460000000,118790000000,177690000000,177160000000,80350000000,,72390000000,27690000000.0
431490000000,57480000000,4139999999,-6530000000,21340000000,-9570000000,11730000000,720000000,36970000000,4139999999,2023-12-31,AKSI.JK,321350000000,63300000000,63300000000,188680000000,132880000000,82520000000,188470000000,187910000000,45500000000,,43290000000,21280000000.0
49810000000,13250000000,4960000000,-2130000000,2510000000,-1569999999,948040000,435000000,11470000000,4960000000,2019-12-31,TRUK.JK,98890000000,1750000000,1750000000,82570000000,25920000000,14420000000,72970000000,72970000000,19950000000,,2860000000,846140000.0
42840000000,1890000000,-6939999999,-1850000000,-8910000000,-328170000,-9240000000,435000000,215730000,-6939999999,2020-12-31,TRUK.JK,86140000000,1740000000,1740000000,75190000000,22650000000,16590000000,63490000000,63490000000,15330000000,,5290000000,4700000000.0
39610000000,4610000000,-4450000000,-1470000000,-4250000000,-681210000,-4930000000,435000000,2600000000,-4450000000,2021-12-31,TRUK.JK,76740000000,996980000,996980000,69430000000,18060000000,11310000000,58680000000,58680000000,10800000000,,4110000000,1150000000.0
38820000000,5550000000,-4050000000,-832140000,-4520000000,251390000,-4269999999,435000000,2750000000,-4050000000,2022-12-31,TRUK.JK,70850000000,867420000,867420000,62340000000,16420000000,10320000000,54430000000,54430000000,8700000000,,1990000000,-2910000000.0
43370000000,7000000000,-2950000000,-711180000,-3700000000,237180000,-3460000000,435000000,3590000000,-2950000000,2023-12-31,TRUK.JK,65400000000,884450000,884450000,55700000000,14280000000,8320000000,51120000000,51120000000,6080000000,,3030000000,2860000000.0
6890000000,-5770000000,-15100000000,-10000000000,-23850000000,10910000,-23830000000,1210000000,-8940000000,-15100000000,2019-12-31,UANG.JK,284880000000,2990000000,2990000000,162520000000,217480000000,29540000000,67400000000,67400000000,195000000000,,-20020000000,-20050000000.0
11150000000,-1760000000,-9240000000,-24040000000,-29350000000,94320000,-29260000000,1210000000,-2990000000,-9240000000,2020-12-31,UANG.JK,320540000000,1800000000,1800000000,177830000000,206100000000,80760000000,114440000000,114440000000,189700000000,,-50850000000,-51450000000.0
7460000000,-5430000000,-38550000000,-44160000000,-76380000000,232020000,-76140000000,1210000000,-31640000000,-38550000000,2021-12-31,UANG.JK,1010000000000,72360000000,72360000000,636100000000,968240000000,439300000000,39740000000,39740000000,555530000000,,53960000000,52520000000.0
0,-3510000000,-66920000000,-1350000000,-59000000000,-111970000,-59110000000,1210000000,-63410000000,-66920000000,2022-12-31,UANG.JK,1490000000000,237760000000,237760000000,745690000000,1510000000000,1450000000000,-19650000000,-19650000000,373910000000,,408570000000,408150000000.0
539039999999,316910000000,221480000000,-445800000,263880000000,0,261220000000,1210000000,224730000000,221480000000,2023-12-31,UANG.JK,1460000000000,116880000000,116880000000,833360000000,1220000000000,838630000000,241740000000,241740000000,395190000000,,-91370000000,-91940000000.0
18700000000,7390000000,1430000000,-209820000,1310000000,-337880000,970720000,2700000000,2020000000,1430000000,2019-12-31,LFLO.JK,21700000000,3020000000,3020000000,6240000000,20560000000,19860000000,1140000000,1140000000,656840000,,3310000000,-1230000000.0
31750000000,10320000000,2020000000,-139910000,1810000000,-424780000,1380000000,2700000000,2730000000,2020000000,2020-12-31,LFLO.JK,37650000000,7820000000,7820000000,5840000000,25710000000,25080000000,11940000000,11940000000,497580000,,3930000000,3790000000.0
46860000000,13660000000,1780000000,-131370000,2220000000,-497010000,1720000000,1300000000,2790000000,1780000000,2021-12-31,LFLO.JK,59380000000,5850000000,5850000000,8430000000,18840000000,18370000000,40540000000,40530000000,318340000,,-25700000000,-27840000000.0
64670000000,24300000000,4110000000,-192910000,4160000000,-746840000,3490000000,1310000000,5520000000,4110000000,2022-12-31,LFLO.JK,84750000000,9460000000,9460000000,8660000000,39410000000,38980000000,45330000000,44800000000,196430000,,5200000000,3780000000.0
80740000000,35820000000,10500000000,-409790000,11520000000,-2650000000,8840000000,1310000000,12500000000,10500000000,2023-12-31,LFLO.JK,110800000000,16290000000,16290000000,10780000000,56650000000,55830000000,54150000000,53570000000,1000000000,,10990000000,8490000000.0
399710000000,14280000000,837380000,-922440000,669920000,-378380000,291540000,,1310000000,837380000,2019-12-31,UVCR.JK,39350000000,1750000000,1750000000,12420000000,10610000000,5400000000,28730000000,28730000000,5650000000,,-8410000000,-16410000000.0
338740000000,13350000000,3020000000,-1160000000,2160000000,-579740000,1580000000,,3660000000,3020000000,2020-12-31,UVCR.JK,48980000000,7760000000,7760000000,17600000000,18690000000,14000000000,30300000000,30300000000,4939999999,,4330000000,3820000000.0
939210000000,31070000000,6770000000,-1160000000,7410000000,-1839999999,5570000000,2000000000.0,7520000000,6770000000,2021-12-31,UVCR.JK,96170000000,17020000000,17020000000,30960000000,17970000000,13280000000,78210000000,78210000000,4260000000,,-17880000000,-18850000000.0
1220000000000,51890000000,11960000000,-1320000000,15220000000,-3330000000,11890000000,2250000000.0,13130000000,11960000000,2022-12-31,UVCR.JK,109130000000,9790000000,9790000000,35340000000,19620000000,14770000000,89500000000,89500000000,3920000000,,6270000000,4050000000.0
799220000000,42330000000,3180000000,-456060000,9270000000,-2330000000,6939999999,2000000000.0,4580000000,3180000000,2023-12-31,UVCR.JK,124210000000,7660000000,7660000000,39380000000,28890000000,24280000000,95320000000,95320000000,3469999999,,5540000000,4750000000.0
17330000000,,4860000000,,1460000000,-15810000,1450000000,3110000000,9890000000,4860000000,2019-12-31,VAST.JK,133229999999,500110000,500110000,,87700000000,,45530000000,45530000000,48720000000,,11320000000,10470000000.0
18900000000,,4179999999,,1870000000,-15950000,1859999999,3110000000,9760000000,4179999999,2020-12-31,VAST.JK,141770000000,693780000,693780000,,94390000000,,47380000000,47380000000,34860000000,,21460000000,21400000000.0
21900000000,,14230000000,,114690000000,-27480000,114660000000,3110000000,14550000000,14230000000,2021-12-31,VAST.JK,248800000000,2380000000,2380000000,,66760000000,,182040000000,182040000000,25950000000,,13340000000,11760000000.0
23760000000,,15350000000,,16610000000,-22030000,16590000000,3110000000,15610000000,15350000000,2022-12-31,VAST.JK,276580000000,846320000,846320000,,77970000000,,198610000000,198610000000,37980000000,,5960000000,3790000000.0
25690000000,,13080000000,,98820000000,-28490000,98800000000,3000000000,13470000000,13080000000,2023-12-31,VAST.JK,521460000000,11280000000,3280000000,,156720000000,,364740000000,364740000000,74250000000,,13860000000,13780000000.0
2670000000000,558560000000,325230000000,-71530000000,258950000000,-50700000000,208250000000,4160000000,363740000000,325230000000,2019-12-31,VOKS.JK,3030000000000,649740000000,629840000000,747040000000,1920000000000,1280000000000,1110000000000,1110000000000,1110000000000,,169490000000,-2380000000.0
1830000000000,348030000000,149940000000,-123820000000,7160000000,-4370000000,2780000000,4160000000,207250000000,149940000000,2020-12-31,VOKS.JK,2920000000000,393140000000,142140000000,742550000000,1800000000000,1180000000000,1110000000000,1110000000000,1050000000000,,-137820000000,-201780000000.0
1710000000000,81940000000,-99160000000,-122250000000,-252200000000,41380000000,-210820000000,4160000000,-28610000000,-99160000000,2021-12-31,VOKS.JK,2890000000000,546940000000,226550000000,754310000000,1990000000000,1770000000000,905770000000,905770000000,1220000000000,,58260000000,-13330000000.0
2630000000000,109510000000,-91080000000,-120490000000,-224350000000,33310000000,-191040000000,4160000000,-26430000000,-91080000000,2022-12-31,VOKS.JK,2670000000000,239680000000,202940000000,755960000000,1950000000000,1839999999999,719100000000,719100000000,865460000000,,80730000000,48250000000.0
3060000000000,396510000000,132199999999,-95460000000,30780000000,-12770000000,18020000000,4160000000,197060000000,132199999999,2023-12-31,VOKS.JK,2620000000000,258490000000,234740000000,669290000000,1890000000000,1470000000000,735880000000,735880000000,992830000000,,-53570000000,-107800000000.0
330670000000,,2410000000,,3810000000,-2040000000,1770000000,5470000000,160050000000,152590000000,2019-12-31,VRNA.JK,2650000000000,102190000000,102190000000,,1980000000000,,668590000000,668590000000,1890000000000,,216390000000,195490000000.0
309730000000,,108010000000,,-1569999999,4570000000,3000000000,5689999999,184670000000,167940000000,2020-12-31,VRNA.JK,2680000000000,131570000000,131570000000,,2049999999999,,631900000000,631900000000,1960000000000,,-8270000000,-14010000000.0
302890000000,,67140000000,,8170000000,-15940000000,-7770000000,5689999999,84450000000,67140000000,2021-12-31,VRNA.JK,2320000000000,95640000000,95640000000,,1700000000000,,625240000000,625240000000,1620000000000,,317810000000,308230000000.0
333060000000,,115470000000,,55340000000,6710000000,62050000000,5689999999,134470000000,115470000000,2022-12-31,VRNA.JK,2469999999999,102600000000,102600000000,,1780000000000,,689900000000,689900000000,1690000000000,,-3650000000,-28650000000.0
401340000000,,167380000000,,61230000000,-84970000,61150000000,5689999999,185270000000,167380000000,2023-12-31,VRNA.JK,2790000000000,50360000000,50360000000,,2040000000000,,750480000000,750480000000,1970000000000,,-310990000000,-321450000000.0
1170000000,498240000,146830000,0.0,150050000,-5870000,144180000,1040000000,149250000,146830000,2020-12-31,WGSH.JK,778910000,754400000,754400000,21920000,124080000,118250000,654830000,654830000,0,,250990000,228170000.0
22120000000,10600000000,5990000000,,6380000000,-844930000,3950000000,1040000000,7460000000,5990000000,2021-12-31,WGSH.JK,54490000000,38610000000,36110000000,11850000000,2469999999,1990000000,52020000000,51660000000,479480000,,2830000000,1600000000.0
26690000000,12380000000,4730000000,,5580000000,-798410000,4770000000,1040000000,6540000000,4730000000,2022-12-31,WGSH.JK,57140000000,31900000000,27080000000,21130000000,1410000000,1050000000,55730000000,55370000000,21660000,,3730000000,-167810000.0
33150000000,12570000000,4920000000,,5390000000,-936500000,4450000000,1040000000,7130000000,4920000000,2023-12-31,WGSH.JK,58060000000,18210000000,16180000000,31890000000,1950000000,1390000000,56110000000,55740000000,487770000,,395310000,-8240000000.0
37500000000,13970000000,1970000000,0,1890000000,-590490000,1300000000,930660000,8640000000,1970000000,2019-12-31,YELO.JK,83530000000,20470000000,20470000000,38520000000,1670000000,1160000000,81860000000,81860000000,0,,15030000000,10800000000.0
159930000000,1020000000,-2719999999,0,-2069999999,434410000,-1640000000,930720000,-2640000000,-2719999999,2020-12-31,YELO.JK,99560000000,17740000,17740000,50620000000,1800000000,1800000000,97760000000,97760000000,0,,-31130000000,-31130000000.0
500080000000,15390000000,13910000000,0,19740000000,-5080000000,14480000000,526809999,14580000000,13910000000,2021-12-31,YELO.JK,293290000000,31890000000,31890000000,174660000000,1960000000,1040000000,291330000000,289190000000,0,,-24480000000,-24500000000.0
1569999999999,3600000000,-6380000000,0,1710000000,-1359999999,258230000,1910000000,1300000000,-6380000000,2022-12-31,YELO.JK,1040000000000,21830000000,21830000000,889470000000,430700000000,6340000000,605590000000,603360000000,0,,-24590000000,-34220000000.0
771070000000,10570000000,-4310000000,0,-324130000,-165860000,-566680000,1910000000,-1609999999,-4310000000,2023-12-31,YELO.JK,300470000000,19100000000,19100000000,128259999999,9260000000,7640000000,291210000000,288900000000,0,,9660000000,-2260000000.0
601720000000,305550000000,81660000000,-15140000000,68430000000,-17200000000,51920000000,806020000,99800000000,81660000000,2019-12-31,ZONE.JK,538640000000,12760000000,12760000000,179510000000,233340000000,151580000000,305300000000,294520000000,107340000000,,-27060000000,-70280000000.0
326770000000,99780000000,-35110000000,-22400000000,-44500000000,6870000000,-34880000000,870170000,46760000000,-35110000000,2020-12-31,ZONE.JK,563630000000,9950000000,9950000000,288910000000,303190000000,173510000000,260430000000,252440000000,178990000000,,48580000000,27050000000.0
463880000000,184580000000,53510000000,-20890000000,37230000000,-6450000000,30910000000,870170000,130979999999,53510000000,2021-12-31,ZONE.JK,562740000000,6450000000,6450000000,266700000000,278970000000,174470000000,283770000000,283770000000,184310000000,,99610000000,71530000000.0
672880000000,301970000000,114810000000,-18870000000,97080000000,-24140000000,72940000000,870170000,193440000000,114810000000,2022-12-31,ZONE.JK,651780000000,4910000000,4910000000,277000000000,304930000000,199170000000,346850000000,346840000000,179170000000,,102020000000,70070000000.0
735450000000,319770000000,80470000000,-23370000000,60560000000,-13590000000,46970000000,870170000,172940000000,80470000000,2023-12-31,ZONE.JK,752960000000,4620000000,4620000000,327210000000,376870000000,238300000000,376090000000,375680000000,192580000000,,101280000000,64680000000.0
5950000000,1569999999,126080000,,125160000,-38670000,86490000,1750000000,401370000,126080000,2021-12-31,UDNG.JK,3420000000,181240000,181240000,1330000000,478820000,409550000,2940000000,2940000000,0,,-243150000,-542670000.0
3990000000,457960000,43030000,,42380000,-58910000,-16530000,1750000000,372510000,43030000,2022-12-31,UDNG.JK,7210000000,77280000,77280000,3850000000,809190000,697000000,6400000000,6400000000,0,,1500000000,-1350000000.0
8350000000,2260000000,231060000,-4820000.0,261450000,-94450000,166990000,1140000000,1060000000,231060000,2023-12-31,UDNG.JK,60220000000,25940000000,25940000000,31700000000,1330000000,1160000000,58890000000,58890000000,99010000,,-1150000000,-26570000000.0
535720000000,59560000000,36530000000,-34530000000,-3570000000,-651620000,-4200000000,1440000000,41370000000,36530000000,2019-12-31,INCF.JK,467730000000,26540000000,26540000000,197720000000,319660000000,303090000000,148060000000,146760000000,299390000000,,14200000000,11730000000.0
288640000000,44040000000,25280000000,-30900000000,-8740000000,1930000000,-6740000000,1440000000,29270000000,25280000000,2020-12-31,INCF.JK,486080000000,24750000000,24750000000,135400000000,344550000000,177080000000,141530000000,140280000000,322980000000,,-21370000000,-34350000000.0
363600000000,55820000000,37290000000,-36090000000,1100000000,-353320000,733120000,1440000000,40270000000,37290000000,2021-12-31,INCF.JK,540049999999,31000000000,31000000000,131539999999,395400000000,251600000000,144650000000,143380000000,379480000000,,-51980000000,-51980000000.0
320480000000,48150000000,28740000000,-28360000000,94220000,-1190000000,-1080000000,1440000000,30580000000,28740000000,2022-12-31,INCF.JK,464410000000,9150000000,9150000000,128949999999,318960000000,308780000000,145450000000,144260000000,304600000000,,53080000000,53020000000.0
202240000000,37060000000,28550000000,-26430000000,2140000000,-1359999999,793510000,1440000000,30650000000,28550000000,2023-12-31,INCF.JK,446240000000,8800000000,8800000000,126110000000,299270000000,289350000000,146980000000,145810000000,283060000000,,21190000000,21190000000.0
49200000000,22080000000,13880000000,-7770000000,6950000000,-3870000000,3080000000,817000000,33020000000,13880000000,2019-12-31,MPOW.JK,275040000000,3070000000,3070000000,259790000000,128110000000,72640000000,146930000000,146930000000,125780000000,,27710000000,27600000000.0
38810000000,12970000000,3230000000,-784770000,277280000,-282270000,-4990000,817000000,21920000000,3230000000,2020-12-31,MPOW.JK,258110000000,7340000000,7340000000,240900000000,113630000000,70150000000,144480000000,144480000000,111600000000,,17149999999,16850000000.0
41970000000,11540000000,4360000000,-790850000,2650000000,-149670000,2500000000,817000000,23160000000,4360000000,2021-12-31,MPOW.JK,238380000000,6150000000,4470000000,222790000000,94180000000,60850000000,144200000000,144200000000,91840000000,,20240000000,20230000000.0
40080000000,3180000000,-4689999999,-608320000,-12590000000,1680000000,-10910000000,817000000,14240000000,-4689999999,2022-12-31,MPOW.JK,201070000000,7450000000,5870000000,187000000000,76710000000,58420000000,124360000000,124360000000,75110000000,,24160000000,24080000000.0
28820000000,1390000000,-5380000000,-441310000,-4080000000,727890000,-3350000000,817000000,15220000000,-5380000000,2023-12-31,MPOW.JK,179970000000,6900000000,6040000000,167980000000,59110000000,52140000000,120870000000,120870000000,55830000000,,17480000000,17200000000.0
2660000000,1839999999,-690190000,-5480000,566030000000,-144890000000,421140000000,5170000000,-546810000,-690190000,2019-12-31,INDO.JK,950640000000,768670000000,515610000000,160460000000,125240000000,125240000000,825410000000,825400000000,0,,-36880000000,-165320000000.0
3080000000,602390000,-1900000000,-271680000,47730000000,-87000000,47640000000,4310000000,-1260000000,-1900000000,2020-12-31,INDO.JK,968400000000,675560000000,467180000000,262910000000,2550000000,2069999999,965850000000,965840000000,1630000000,,-116170000000,-217720000000.0
7510000000,5310000000,-1350000000,-196720000,8600000000,0,8600000000,4310000000,-573050000,-1350000000,2021-12-31,INDO.JK,980670000000,619840000000,328140000000,333760000000,1930000000,1310000000,978740000000,978740000000,1150000000,,3200000000,-68930000000.0
10290000000,7100000000,1760000000,-125900000,32740000000,-512610000,32220000000,4360000000,3400000000,1760000000,2022-12-31,INDO.JK,980540000000,615550000000,305330000000,343760000000,2240000000,1760000000,978310000000,978300000000,603450000,,1839999999,-13040000000.0
17560000000,11820000000,-496180000,-114840000,13130000000,-780480000,12350000000,4380000000,1620000000,-496180000,2023-12-31,INDO.JK,1000000000000,516030000000,216530000000,471620000000,4570000000,3370000000,999710000000,999700000000,1380000000,,23960000000,-101510000000.0
4280000000,469640000,111000000,-1120000,110360000,3000000,113360000,4120000000,136000000,111000000,2019-12-31,HAJJ.JK,1640000000,85890000,85890000,3000000,1200000000,1190000000,443260000,443260000,0,,-219000000,-219000000.0
10350000000,1400000000,611320000,-1280000,559750000,-117350000,442400000,4120000000,688080000,611320000,2020-12-31,HAJJ.JK,59090000000,8109999999,8109999999,12690000000,10560000000,301350000,48530000000,48530000000,0,,902270000,458050000.0
252860000,-260220000,-2740000000,-105130000,-2520000000,547770000,-1980000000,4120000000,-2490000000,-2740000000,2021-12-31,HAJJ.JK,54570000000,1270000000,1270000000,15360000000,8180000000,1270000000,46390000000,46390000000,133370000,,-1940000000,-2610000000.0
318190000000,9830000000,4530000000,-889080000,3280000000,-796430000,2480000000,4120000000,4790000000,4530000000,2022-12-31,HAJJ.JK,78560000000,3430000000,3430000000,11340000000,29830000000,18300000000,48730000000,48730000000,1780000000,,-10570000000,-10790000000.0
501530000000,25530000000,13960000000,-1000000000,6400000000,-1569999999,4820000000,2290000000,14440000000,13960000000,2023-12-31,HAJJ.JK,189390000000,978510000,978510000,12380000000,42730000000,38850000000,146650000000,146650000000,16640000000,,-100080000000,-100710000000.0
141500000000,20700000000,2770000000,-3290000000,106630000,-1370000000,241470000,520000000,,2770000000,2019-12-31,KING.JK,38730000000,1660000000,1660000000,14020000000,52380000000,45020000000,-13660000000,-13650000000,24780000000,,,
169000000000,24580000000,5290000000,-2940000000,3000000000,-1670000000,1460000000,520000000,,5290000000,2020-12-31,KING.JK,41470000000,1040000000,1040000000,14540000000,56210000000,49210000000,-14740000000,-14710000000,25090000000,,-756740000.0,
169000000000,23220000000,5640000000,-2940000000,3000000000,-1670000000,1460000000,777840000,8320000000.0,5640000000,2021-12-31,KING.JK,55620000000,3400000000,3400000000,19730000000,50510000000,42100000000,5110000000,5120000000,24970000000,,3090000000.0,-445720000.0
161860000000,20100000000,4960000000,-2760000000,1900000000,-835730000,1060000000,1569999999,8350000000.0,4960000000,2022-12-31,KING.JK,75390000000,15860000000,15860000000,23330000000,47540000000,41290000000,27850000000,27850000000,21620000000,,258860000.0,-3650000000.0
213110000000,26220000000,5200000000,-2630000000,3540000000,-991150000,2540000000,2530000000,9470000000.0,5200000000,2023-12-31,KING.JK,147220000000,74930000000,39930000000,19800000000,53750000000,48540000000,93470000000,93460000000,20020000000,,-1890000000.0,-6900000000.0
225180000000,93340000000,35040000000,-5340000000,29220000000,-5550000000,23670000000,3380000000,43020000000,35040000000,2020-12-31,MUTU.JK,146020000000,33140000000,33140000000,58020000000,94550000000,46390000000,51480000000,51700000000,36490000000,,23260000000,14050000000.0
226410000000,105800000000,30660000000,-3710000000,26360000000,-7040000000,19600000000,3380000000,39170000000,30660000000,2021-12-31,MUTU.JK,144510000000,28930000000,28930000000,63510000000,80140000000,41650000000,64370000000,64970000000,27990000000,,29120000000,22580000000.0
281820000000,134910000000,48720000000,-3010000000,48540000000,-11760000000,36580000000,3380000000,59370000000,48720000000,2022-12-31,MUTU.JK,159480000000,32680000000,32680000000,74810000000,85450000000,34159999999,74030000000,73880000000,48200000000,,34360000000,14850000000.0
286710000000,136620000000,49520000000,-5620000000,43670000000,-12710000000,30900000000,3140000000,62760000000,49520000000,2023-12-31,MUTU.JK,275450000000,94400000000,45610000000,94370000000,74850000000,33240000000,200590000000,200390000000,39260000000,,9650000000,-11910000000.0
1920000000,,305280000,,158410000,0,158410000,11180000000,383370000,305280000,2021-12-31,RELF.JK,153160000000,3310000000,3310000000,,39180000000,,113980000000,113980000000,14770000000,,-40530000000,-42630000000.0
17870000000,,4750000000,,4480000000,4179999,4490000000,11180000000,5020000000,4750000000,2022-12-31,RELF.JK,166040000000,1620000000,1620000000,,47580000000,,118460000000,118460000000,20380000000,,2980000000,-7370000000.0
44190000000,,10290000000,,10440000000,8590000,10450000000,5730000000,10570000000,10290000000,2023-12-31,RELF.JK,296540000000,11640000000,11640000000,,67480000000,,229060000000,229060000000,33189999999,,-13270000000,-102940000000.0
124460000000,37250000000,20630000000,,16149999999,-4050000000,12100000000,106100000000,,20630000000,2019-12-31,MAXI.JK,150160000000,1370000000,1370000000,110640000000,79100000000,57910000000,71060000000,71060000000,37820000000,,17890000000,
115590000000,37720000000,17220000000,,10410000000,-2370000000,8029999999,10610000000,,17220000000,2020-12-31,MAXI.JK,149110000000,1370000000,1370000000,109690000000,70050000000,17950000000,79060000000,79060000000,57460000000,,-16329999999,
149350000000,40020000000,16730000000,,13640000000,-3000000000,10650000000,10610000000,,16730000000,2021-12-31,MAXI.JK,149790000000,4680000000,4680000000,109880000000,59150000000,11720000000,90640000000,90640000000,47350000000,,19250000000,
105850000000,25390000000,2180000000,-3660000000.0,-45110000,13400000,-31700000,10610000000,6920000000.0,2180000000,2022-12-31,MAXI.JK,157150000000,9750000000,9750000000,118490000000,49230000000,10780000000,107910000000,107910000000,37480000000,,7050000000,-1280000000.0
82780000000,23480000000,-131389999,-3040000000.0,-3160000000,193520000,-2960000000,9410000000,4850000000.0,-131389999,2023-12-31,MAXI.JK,188980000000,23600000000,23600000000,120640000000,40720000000,7400000000,148250000000,148250000000,33060000000,,-4170000000,-16590000000.0
2020000000000,414060000000,266310000000,-132960000000,144050000000,-62730000000,81310000000,2350000000,317400000000,266310000000,2019-12-31,PMMP.JK,3290000000000,195340000000,142920000000,585250000000,2650000000000,2450000000000,638890000000,638890000000,2320000000000,,-201880000000,-342760000000.0
2480000000000,510110000000,325810000000,-141260000000,181280000000,-26490000000,154790000000,2009999999,389090000000,325810000000,2020-12-31,PMMP.JK,3490000000000,176270000000,112050000000,563890000000,2580000000000,2400000000000,910230000000,910230000000,2190000000000,,53440000000,20840000000.0
2510000000000,582400000000,290200000000,-133300000000,172250000000,-39390000000,132860000000,2350000000,353330000000,290200000000,2021-12-31,PMMP.JK,3830000000000,213270000000,136710000000,563980000000,2780000000000,2700000000000,1050000000000,1050000000000,2320000000000,,88400000000,30900000000.0
2830000000000,516630000000,207560000000,-140080000000,106460000000,5580000000,112040000000,2350000000,276020000000,207560000000,2022-12-31,PMMP.JK,4630000000000,362720000000,258769999999,775110000000,3370000000000,3260000000000,1270000000000,1270000000000,2780000000000,,95760000000,-115840000000.0
2860000000000,456620000000,191830000000,-161050000000,25980000000,-24740000000,1240000000,2350000000,268140000000,191830000000,2023-12-31,PMMP.JK,4610000000000,342550000000,276150000000,840670000000,3360000000000,3220000000000,1250000000000,1250000000000,2950000000000,,-60500000000,-210040000000.0
20300000000,13500000000,6640000000,-3260000000,3300000000,-780370000,2520000000,800000000,7480000000,6640000000,2019-12-31,LABA.JK,45730000000,2750000000,2750000000,14120000000,21290000000,7730000000,24440000000,24440000000,11360000000,,-95360000,-252900000.0
13840000000,4200000000,-2990000000,-1550000000,-4219999999,865000000,-3350000000,800000000,-2350000000,-2990000000,2020-12-31,LABA.JK,42620000000,509370000,509370000,15980000000,22970000000,8890000000,19650000000,19650000000,14400000000,,-2730000000,-4470000000.0
9460000000,-384670000,-10280000000,-765820000,16520000000,2790000000,19310000000,883330000,-7790000000,-10280000000,2021-12-31,LABA.JK,67930000000,9820000000,9820000000,34390000000,6530000000,1790000000,61400000000,61400000000,4460000000,,-5600000000,-50860000000.0
15640000000,-381670000,-5330000000,-466190000,-5860000000,1310000000,-4540000000,883330000,-1920000000,-5330000000,2022-12-31,LABA.JK,66269999999,326660000,326660000,34380000000,7620000000,3620000000,58650000000,58650000000,3570000000,,-2420000000,-10320000000.0
11110000000,1140000000,-4430000000,-376250000,-4840000000,901340000,-3940000000,883330000,-1030000000,-4430000000,2023-12-31,LABA.JK,58620000000,207890000,207890000,41980000000,3910000000,1960000000,54710000000,54710000000,2680000000,,910810000,-9480000000.0
240360000000,73270000000,49970000000,-34450000000,13040000000,-3090000000,9950000000,3750000000,78100000000,49970000000,2019-12-31,BESS.JK,568980000000,8690000000,8690000000,547890000000,369620000000,92130000000,199360000000,199360000000,294110000000,,96980000000,18840000000.0
295530000000,99830000000,70980000000,-33310000000,54740000000,-3550000000,51190000000,2230000000,103800000000,70980000000,2020-12-31,BESS.JK,620410000000,44590000000,44590000000,520470000000,303510000000,105590000000,316900000000,316900000000,269670000000,,37560000000,35860000000.0
404100000000,162440000000,118660000000,-27360000000,115530000000,-3070000000,112470000000,3700000000,151570000000,118660000000,2021-12-31,BESS.JK,667410000000,40760000000,40760000000,529929999999,236220000000,110880000000,431190000000,431190000000,193990000000,,108100000000,70330000000.0
406470000000,98840000000,51960000000,-23170000000,58750000000,-2830000000,55940000000,3640000000,91850000000,51960000000,2022-12-31,BESS.JK,772670000000,141230000000,141230000000,558800000000,280310000000,181430000000,492350000000,489070000000,166130000000,,121180000000,112420000000.0
363740000000,129020000000,82760000000,-14410000000,81090000000,-1640000000,79420000000,3050000000,122230000000,82760000000,2023-12-31,BESS.JK,689800000000,116330000000,116330000000,520970000000,117270000000,74520000000,572540000000,569230000000,90670000000,,123160000000,122600000000.0
147190000000,70290000000,49080000000,-35970000000,11840000000,-4050000000,7790000000,1890000000,66480000000,49080000000,2021-12-31,GTRA.JK,441290000000,2920000000,2920000000,393000000000,345680000000,116490000000,95610000000,95610000000,323600000000,,21130000000,6600000000.0
215880000000,97190000000,65629999999,-39260000000,26730000000,-10900000000,15830000000,1890000000,92240000000,65629999999,2022-12-31,GTRA.JK,684830000000,8760000000,8760000000,611070000000,488840000000,117090000000,195990000000,195980000000,457460000000,,27610000000,-17340000000.0
342520000000,152570000000,106670000000,-61540000000,45590000000,-12160000000,33420000000,1800000000,142940000000,106670000000,2023-12-31,GTRA.JK,941310000000,16059999999,16059999999,820130000000,659150000000,121190000000,282160000000,282140000000,606710000000,,59570000000,-153800000000.0
171560000000,44670000000,23200000000,-7970000000,15200000000,-3950000000,11240000000,1600000000,26480000000,23200000000,2019-12-31,TOYS.JK,180990000000,1930000000,1930000000,18980000000,94820000000,90060000000,86160000000,86160000000,76850000000,,-17780000000,-20280000000.0
146670000000,28320000000,7580000000,-7600000000,542860000,-123250000,419610000,1070000000,9950000000,7580000000,2020-12-31,TOYS.JK,372170000000,2020000000,2020000000,16579999999,102120000000,97680000000,270050000000,270050000000,82000000000,,-188020000000,-188020000000.0
124610000000,19130000000,-627430000,-9310000000,-15030000000,1750000000,-13290000000,1440000000,1560000000,-627430000,2021-12-31,TOYS.JK,365270000000,2670000000,2670000000,15380000000,106510000000,101210000000,258750000000,258750000000,84070000000,,-1390000000,-1390000000.0
138900000000,23670000000,10000000000,-7630000000,2370000000,-486520000,1880000000,1440000000,12180000000,10000000000,2022-12-31,TOYS.JK,362960000000,2330000000,2330000000,13380000000,102270000000,98650000000,260690000000,260690000000,82130000000,,1680000000,1680000000.0
60440000000,6710000000,-8860000000,-6510000000,-15260000000,1640000000,-13620000000,1440000000,-8279999999,-8860000000,2023-12-31,TOYS.JK,356890000000,992730000,992730000,14280000000,109240000000,105880000000,247660000000,247660000000,85490000000,,-1359999999,
41790000000,19550000000,7240000000,-797620000,5920000000,-1950000000,3980000000,2029999999,9190000000,7240000000,2019-12-31,ELIT.JK,35060000000,968760000,968760000,19210000000,23590000000,21750000000,11470000000,11470000000,15980000000,,2040000000,-24870000.0
46720000000,22030000000,7300000000,-2060000000,4850000000,-1730000000,3120000000,2029999999,16960000000,7300000000,2020-12-31,ELIT.JK,54190000000,2640000000,2640000000,28810000000,39670000000,33110000000,14520000000,14520000000,26250000000,,10920000000,9050000000.0
90690000000,25060000000,8170000000,-1090000000,7300000000,-2410000000,4890000000,2029999999,19470000000,8170000000,2021-12-31,ELIT.JK,50240000000,14330000000,14330000000,23810000000,30750000000,19870000000,19500000000,19500000000,12150000000,,30060000000,28720000000.0
178620000000,42390000000,7820000000,-805370000,12720000000,-3080000000,9710000000,2029999999,13740000000,7820000000,2022-12-31,ELIT.JK,119730000000,26490000000,26490000000,49170000000,65030000000,43550000000,54700000000,54760000000,7240000000,,18340000000,6170000000.0
319580000000,61120000000,7760000000,-2190000000,22190000000,-5100000000,17040000000,2029999999,27310000000,7760000000,2023-12-31,ELIT.JK,227770000000,21560000000,21560000000,109910000000,107890000000,80310000000,119880000000,119890000000,24960000000,,10950000000,-11450000000.0
4920000000,,1050000000,,759740000,-89970000,669770000,1600000000,2069999999,1050000000,2021-12-31,WIDI.JK,10380000000,544040000,544040000,,6010000000,,4370000000,4370000000,5510000000,,3210000000,3210000000.0
10980000000,,1500000000,,1220000000,-213320000,1010000000,1600000000,2850000000,1500000000,2022-12-31,WIDI.JK,16710000000,1910000000,1910000000,,6590000000,,10120000000,10120000000,5740000000,,-2650000000,-5260000000.0
7430000000,,-1330000000,,-1609999999,353460000,-1250000000,1420000000,675060000,-1330000000,2023-12-31,WIDI.JK,50310000000,26920000000,26920000000,,3430000000,,46880000000,46880000000,2009999999,,-2900000000,-8620000000.0
